{
  "intrinsics" : [
    1593.3690185546875,
    0,
    952.009521484375,
    0,
    1593.3690185546875,
    716.18365478515625,
    0,
    0,
    1
  ],
  "cameraPoseARFrame" : [
    0.99892574548721313,
    -0.028232894837856293,
    0.036746002733707428,
    0.51370567083358765,
    0.0054893032647669315,
    0.85948169231414795,
    0.51113706827163696,
    0.92156094312667847,
    -0.046013388782739639,
    -0.51038634777069092,
    0.85871338844299316,
    1.2713937759399414,
    0,
    0,
    0,
    0.99999994039535522
  ],
  "frame_index" : 1,
  "time" : 429986.7235834584,
  "projectionMatrix" : [
    1.6597594022750854,
    0,
    0.0078026056289672852,
    0,
    0,
    2.2130124568939209,
    -0.0046060085296630859,
    0,
    0,
    0,
    -0.9999997615814209,
    -0.00099999981466680765,
    0,
    0,
    -1,
    0
  ]
}