{
  "cameraPoseARFrame" : [
    0.95447206497192383,
    -0.076818026602268219,
    0.28823944926261902,
    1.3952953815460205,
    -0.015297882258892059,
    0.95239633321762085,
    0.30447810888290405,
    1.08775794506073,
    -0.29790765047073364,
    -0.29502537846565247,
    0.90786057710647583,
    2.1896922588348389,
    0,
    0,
    0,
    0.99999988079071045
  ],
  "frame_index" : 26,
  "projectionMatrix" : [
    1.6592886447906494,
    0,
    0.0076671838760375977,
    0,
    0,
    2.2123849391937256,
    -0.0049453973770141602,
    0,
    0,
    0,
    -0.9999997615814209,
    -0.00099999981466680765,
    0,
    0,
    -1,
    0
  ],
  "time" : 429999.3954123751,
  "intrinsics" : [
    1592.9171142578125,
    0,
    952.1395263671875,
    0,
    1592.9171142578125,
    715.9393310546875,
    0,
    0,
    1
  ]
}