{
  "projectionMatrix" : [
    1.6592886447906494,
    0,
    0.0080274343490600586,
    0,
    0,
    2.2123849391937256,
    -0.0045416355133056641,
    0,
    0,
    0,
    -0.9999997615814209,
    -0.00099999981466680765,
    0,
    0,
    -1,
    0
  ],
  "time" : 429991.2295767084,
  "frame_index" : 10,
  "intrinsics" : [
    1592.9171142578125,
    0,
    951.79364013671875,
    0,
    1592.9171142578125,
    716.22998046875,
    0,
    0,
    1
  ],
  "cameraPoseARFrame" : [
    0.95862293243408203,
    -0.10544504970312119,
    0.26443016529083252,
    0.72387266159057617,
    -0.056145608425140381,
    0.84059834480285645,
    0.53874105215072632,
    0.93082231283187866,
    -0.2790871262550354,
    -0.53129619359970093,
    0.7998967170715332,
    1.3202834129333496,
    0,
    0,
    0,
    0.99999988079071045
  ]
}