{
  "frame_index" : 29,
  "intrinsics" : [
    1590.2056884765625,
    0,
    952.13812255859375,
    0,
    1590.2056884765625,
    715.99774169921875,
    0,
    0,
    1
  ],
  "projectionMatrix" : [
    1.6564642190933228,
    0,
    0.007668614387512207,
    0,
    0,
    2.2086191177368164,
    -0.0048642158508300781,
    0,
    0,
    0,
    -0.9999997615814209,
    -0.00099999981466680765,
    0,
    0,
    -1,
    0
  ],
  "cameraPoseARFrame" : [
    0.93670487403869629,
    -0.12797693908214569,
    0.32589250802993774,
    1.3888235092163086,
    -0.004438239149749279,
    0.92638731002807617,
    0.37654605507850647,
    1.0695464611053467,
    -0.35009181499481201,
    -0.35415896773338318,
    0.86718350648880005,
    2.1820971965789795,
    0,
    0,
    0,
    0.99999994039535522
  ],
  "time" : 430000.89597395842
}