{
  "time" : 429997.23202400008,
  "intrinsics" : [
    1593.8209228515625,
    0,
    952.3663330078125,
    0,
    1593.8209228515625,
    715.8287353515625,
    0,
    0,
    1
  ],
  "projectionMatrix" : [
    1.6602301597595215,
    0,
    0.0074309110641479492,
    0,
    0,
    2.2136402130126953,
    -0.0050989389419555664,
    0,
    0,
    0,
    -0.9999997615814209,
    -0.00099999981466680765,
    0,
    0,
    -1,
    0
  ],
  "cameraPoseARFrame" : [
    0.86198246479034424,
    -0.041636817157268524,
    0.50522512197494507,
    1.3922809362411499,
    -0.024060918018221855,
    0.99213767051696777,
    0.12281560897827148,
    1.1061050891876221,
    -0.50636667013168335,
    -0.11802109330892563,
    0.85420352220535278,
    2.2820234298706055,
    0,
    0,
    0,
    0.99999988079071045
  ],
  "frame_index" : 22
}