{
  "cameraPoseARFrame" : [
    0.98570668697357178,
    -0.1022789254784584,
    0.13387022912502289,
    0.71167558431625366,
    0.012169369496405125,
    0.83577364683151245,
    0.54893910884857178,
    0.92557221651077271,
    -0.16803011298179626,
    -0.53946399688720703,
    0.82507240772247314,
    1.3608434200286865,
    0,
    0,
    0,
    0.99999988079071045
  ],
  "frame_index" : 13,
  "time" : 429992.7301690834,
  "intrinsics" : [
    1591.1094970703125,
    0,
    951.93023681640625,
    0,
    1591.1094970703125,
    716.261474609375,
    0,
    0,
    1
  ],
  "projectionMatrix" : [
    1.6574057340621948,
    0,
    0.0078851580619812012,
    0,
    0,
    2.2098743915557861,
    -0.0044980049133300781,
    0,
    0,
    0,
    -0.9999997615814209,
    -0.00099999981466680765,
    0,
    0,
    -1,
    0
  ]
}