{
  "intrinsics" : [
    1592.9171142578125,
    0,
    952.32366943359375,
    0,
    1592.9171142578125,
    716.23028564453125,
    0,
    0,
    1
  ],
  "cameraPoseARFrame" : [
    0.98340845108032227,
    0.028768351301550865,
    -0.17910899221897125,
    0.21171045303344727,
    0.071138910949230194,
    0.84709864854812622,
    0.52665263414382935,
    0.92165225744247437,
    0.16687390208244324,
    -0.53065639734268188,
    0.83099746704101562,
    1.3325247764587402,
    0,
    0,
    0,
    0.99999982118606567
  ],
  "frame_index" : 6,
  "time" : 429989.22880175011,
  "projectionMatrix" : [
    1.6592886447906494,
    0,
    0.0074753165245056152,
    0,
    0,
    2.2123849391937256,
    -0.0045412778854370117,
    0,
    0,
    0,
    -0.9999997615814209,
    -0.00099999981466680765,
    0,
    0,
    -1,
    0
  ]
}