{
  "intrinsics" : [
    1593.3690185546875,
    0,
    952.41815185546875,
    0,
    1593.3690185546875,
    716.2176513671875,
    0,
    0,
    1
  ],
  "cameraPoseARFrame" : [
    0.99406266212463379,
    0.0028841437306255102,
    -0.10877012461423874,
    0.21959406137466431,
    0.054782778024673462,
    0.8504372239112854,
    0.52321618795394897,
    0.92895817756652832,
    0.094011180102825165,
    -0.52606856822967529,
    0.84522998332977295,
    1.3487305641174316,
    0,
    0,
    0,
    0.99999994039535522
  ],
  "frame_index" : 7,
  "time" : 429989.72901937511,
  "projectionMatrix" : [
    1.6597594022750854,
    0,
    0.0073769092559814453,
    0,
    0,
    2.2130124568939209,
    -0.0045588016510009766,
    0,
    0,
    0,
    -0.9999997615814209,
    -0.00099999981466680765,
    0,
    0,
    -1,
    0
  ]
}