{
  "frame_index" : 28,
  "intrinsics" : [
    1592.9171142578125,
    0,
    952.2000732421875,
    0,
    1592.9171142578125,
    715.9342041015625,
    0,
    0,
    1
  ],
  "cameraPoseARFrame" : [
    0.93966126441955566,
    -0.09634680300951004,
    0.3282589316368103,
    1.3941762447357178,
    -0.0086244801059365273,
    0.95254701375961304,
    0.30426874756813049,
    1.0818485021591187,
    -0.34199753403663635,
    -0.28874069452285767,
    0.89424067735671997,
    2.1927073001861572,
    0,
    0,
    0,
    0.99999988079071045
  ],
  "projectionMatrix" : [
    1.6592886447906494,
    0,
    0.007604062557220459,
    0,
    0,
    2.2123849391937256,
    -0.004952549934387207,
    0,
    0,
    0,
    -0.9999997615814209,
    -0.00099999981466680765,
    0,
    0,
    -1,
    0
  ],
  "time" : 430000.39578320843
}