{
  "intrinsics" : [
    1593.3690185546875,
    0,
    951.982666015625,
    0,
    1593.3690185546875,
    716.1982421875,
    0,
    0,
    1
  ],
  "cameraPoseARFrame" : [
    0.98597759008407593,
    -0.055810306221246719,
    0.157268226146698,
    0.55631113052368164,
    -0.035263516008853912,
    0.85145539045333862,
    0.52323991060256958,
    0.9409797191619873,
    -0.16310906410217285,
    -0.52144873142242432,
    0.83754795789718628,
    1.3437700271606445,
    0,
    0,
    0,
    0.99999994039535522
  ],
  "frame_index" : 9,
  "time" : 429990.72944941674,
  "projectionMatrix" : [
    1.6597594022750854,
    0,
    0.0078305602073669434,
    0,
    0,
    2.2130124568939209,
    -0.0045857429504394531,
    0,
    0,
    0,
    -0.9999997615814209,
    -0.00099999981466680765,
    0,
    0,
    -1,
    0
  ]
}