{
  "time" : 429995.23114637507,
  "intrinsics" : [
    1592.4652099609375,
    0,
    951.91058349609375,
    0,
    1592.4652099609375,
    715.96356201171875,
    0,
    0,
    1
  ],
  "cameraPoseARFrame" : [
    0.89447402954101562,
    -0.1223127469420433,
    0.43006491661071777,
    1.2830896377563477,
    -0.047258865088224411,
    0.93060523271560669,
    0.36296078562736511,
    1.0377388000488281,
    -0.44461533427238464,
    -0.34498342871665955,
    0.82662177085876465,
    2.1818859577178955,
    0,
    0,
    0,
    0.99999994039535522
  ],
  "projectionMatrix" : [
    1.6588178873062134,
    0,
    0.0079056620597839355,
    0,
    0,
    2.2117571830749512,
    -0.0049116611480712891,
    0,
    0,
    0,
    -0.9999997615814209,
    -0.00099999981466680765,
    0,
    0,
    -1,
    0
  ],
  "frame_index" : 18
}