{
  "cameraPoseARFrame" : [
    0.99864447116851807,
    -0.031507194042205811,
    0.041426997631788254,
    0.50786274671554565,
    0.0058695399202406406,
    0.85905063152313232,
    0.51185685396194458,
    0.9237065315246582,
    -0.051715079694986343,
    -0.51091998815536499,
    0.85807126760482788,
    1.274620532989502,
    0,
    0,
    0,
    0.99999988079071045
  ],
  "frame_index" : 0,
  "intrinsics" : [
    1593.3690185546875,
    0,
    952.00439453125,
    0,
    1593.3690185546875,
    716.1864013671875,
    0,
    0,
    1
  ],
  "projectionMatrix" : [
    1.6597594022750854,
    0,
    0.0078079104423522949,
    0,
    0,
    2.2130124568939209,
    -0.0046021938323974609,
    0,
    0,
    0,
    -0.9999997615814209,
    -0.00099999981466680765,
    0,
    0,
    -1,
    0
  ],
  "time" : 429986.05688562512
}