{
  "intrinsics" : [
    1592.9171142578125,
    0,
    951.9188232421875,
    0,
    1592.9171142578125,
    716.2049560546875,
    0,
    0,
    1
  ],
  "cameraPoseARFrame" : [
    0.99589043855667114,
    0.03667580708861351,
    -0.082807950675487518,
    0.42217546701431274,
    0.012091374956071377,
    0.85230535268783569,
    0.52290469408035278,
    0.92286717891693115,
    0.089755609631538391,
    -0.52175706624984741,
    0.84835928678512573,
    1.2678074836730957,
    0,
    0,
    0,
    0.99999994039535522
  ],
  "frame_index" : 4,
  "time" : 429988.22842100007,
  "projectionMatrix" : [
    1.6592886447906494,
    0,
    0.0078970789909362793,
    0,
    0,
    2.2123849391937256,
    -0.0045764446258544922,
    0,
    0,
    0,
    -0.9999997615814209,
    -0.00099999981466680765,
    0,
    0,
    -1,
    0
  ]
}