{
  "time" : 429996.23166004178,
  "intrinsics" : [
    1593.3690185546875,
    0,
    952.09869384765625,
    0,
    1593.3690185546875,
    715.8607177734375,
    0,
    0,
    1
  ],
  "projectionMatrix" : [
    1.6597594022750854,
    0,
    0.0077096819877624512,
    0,
    0,
    2.2130124568939209,
    -0.0050545930862426758,
    0,
    0,
    0,
    -0.9999997615814209,
    -0.00099999981466680765,
    0,
    0,
    -1,
    0
  ],
  "cameraPoseARFrame" : [
    0.80346775054931641,
    -0.10529918968677521,
    0.58596217632293701,
    1.3887063264846802,
    -0.036655910313129425,
    0.97361719608306885,
    0.22522431612014771,
    1.0799885988235474,
    -0.59421873092651367,
    -0.20243945717811584,
    0.77841013669967651,
    2.2885360717773438,
    0,
    0,
    0,
    0.99999994039535522
  ],
  "frame_index" : 20
}