{
  "time" : 429995.73148000007,
  "intrinsics" : [
    1593.3690185546875,
    0,
    952.01568603515625,
    0,
    1593.3690185546875,
    715.90313720703125,
    0,
    0,
    1
  ],
  "projectionMatrix" : [
    1.6597594022750854,
    0,
    0.007796168327331543,
    0,
    0,
    2.2130124568939209,
    -0.0049955844879150391,
    0,
    0,
    0,
    -0.9999997615814209,
    -0.00099999981466680765,
    0,
    0,
    -1,
    0
  ],
  "cameraPoseARFrame" : [
    0.81638079881668091,
    -0.13104237616062164,
    0.56245017051696777,
    1.3527820110321045,
    -0.047407183796167374,
    0.95542293787002563,
    0.29140928387641907,
    1.0649480819702148,
    -0.57556480169296265,
    -0.26456514000892639,
    0.7737765908241272,
    2.2785694599151611,
    0,
    0,
    0,
    0.99999988079071045
  ],
  "frame_index" : 19
}