{
  "intrinsics" : [
    1592.9171142578125,
    0,
    951.99114990234375,
    0,
    1592.9171142578125,
    716.217529296875,
    0,
    0,
    1
  ],
  "cameraPoseARFrame" : [
    0.99774831533432007,
    0.0067911036312580109,
    -0.066724009811878204,
    0.32178688049316406,
    0.029720507562160492,
    0.84707820415496826,
    0.53063642978668213,
    0.92740309238433838,
    0.060124076902866364,
    -0.53142470121383667,
    0.84496903419494629,
    1.3155086040496826,
    0,
    0,
    0,
    0.99999982118606567
  ],
  "frame_index" : 5,
  "time" : 429988.72852300009,
  "projectionMatrix" : [
    1.6592886447906494,
    0,
    0.0078217387199401855,
    0,
    0,
    2.2123849391937256,
    -0.0045590400695800781,
    0,
    0,
    0,
    -0.9999997615814209,
    -0.00099999981466680765,
    0,
    0,
    -1,
    0
  ]
}