{
  "intrinsics" : [
    1592.0133056640625,
    0,
    951.9608154296875,
    0,
    1592.0133056640625,
    716.0599365234375,
    0,
    0,
    1
  ],
  "cameraPoseARFrame" : [
    0.9218108057975769,
    -0.13673792779445648,
    0.3627227246761322,
    1.1984999179840088,
    -0.035338636487722397,
    0.90218037366867065,
    0.4299091100692749,
    1.0190407037734985,
    -0.38602617383003235,
    -0.40911298990249634,
    0.82680737972259521,
    2.0227255821228027,
    0,
    0,
    0,
    0.99999994039535522
  ],
  "frame_index" : 17,
  "time" : 429994.73099237512,
  "projectionMatrix" : [
    1.6583472490310669,
    0,
    0.0078533291816711426,
    0,
    0,
    2.2111296653747559,
    -0.0047779083251953125,
    0,
    0,
    0,
    -0.9999997615814209,
    -0.00099999981466680765,
    0,
    0,
    -1,
    0
  ]
}