{
  "intrinsics" : [
    1593.3690185546875,
    0,
    951.95184326171875,
    0,
    1593.3690185546875,
    716.18768310546875,
    0,
    0,
    1
  ],
  "cameraPoseARFrame" : [
    0.99971139430999756,
    -0.018573086708784103,
    0.015234884805977345,
    0.49700534343719482,
    0.0079976264387369156,
    0.85535746812820435,
    0.51797634363174438,
    0.92309421300888062,
    -0.022651683539152145,
    -0.51770502328872681,
    0.8552592396736145,
    1.2591257095336914,
    0,
    0,
    0,
    0.99999994039535522
  ],
  "frame_index" : 3,
  "time" : 429987.72827079176,
  "projectionMatrix" : [
    1.6597594022750854,
    0,
    0.0078626871109008789,
    0,
    0,
    2.2130124568939209,
    -0.0046004056930541992,
    0,
    0,
    0,
    -0.9999997615814209,
    -0.00099999981466680765,
    0,
    0,
    -1,
    0
  ]
}