{
  "cameraPoseARFrame" : [
    0.9976087212562561,
    -0.049813974648714066,
    0.047910057008266449,
    1.4266356229782104,
    0.03406398743391037,
    0.95753711462020874,
    0.28629055619239807,
    1.0858254432678223,
    -0.060136906802654266,
    -0.28397402167320251,
    0.95694428682327271,
    2.1513686180114746,
    0,
    0,
    0,
    0.99999994039535522
  ],
  "frame_index" : 25,
  "intrinsics" : [
    1592.9171142578125,
    0,
    952.43804931640625,
    0,
    1592.9171142578125,
    715.93975830078125,
    0,
    0,
    1
  ],
  "projectionMatrix" : [
    1.6592886447906494,
    0,
    0.0073562264442443848,
    0,
    0,
    2.2123849391937256,
    -0.0049448013305664062,
    0,
    0,
    0,
    -0.9999997615814209,
    -0.00099999981466680765,
    0,
    0,
    -1,
    0
  ],
  "time" : 429998.73258716677
}