{
  "intrinsics" : [
    1591.5614013671875,
    0,
    951.97418212890625,
    0,
    1591.5614013671875,
    716.116455078125,
    0,
    0,
    1
  ],
  "cameraPoseARFrame" : [
    0.93759971857070923,
    -0.15193870663642883,
    0.31276389956474304,
    1.033490777015686,
    -0.013370116241276264,
    0.88306158781051636,
    0.46906647086143494,
    0.99913316965103149,
    -0.3474591076374054,
    -0.44397833943367004,
    0.82592689990997314,
    1.84010910987854,
    0,
    0,
    0,
    0.99999982118606567
  ],
  "frame_index" : 16,
  "time" : 429994.23075804178,
  "projectionMatrix" : [
    1.6578764915466309,
    0,
    0.0078393816947937012,
    0,
    0,
    2.2105019092559814,
    -0.0046993494033813477,
    0,
    0,
    0,
    -0.9999997615814209,
    -0.00099999981466680765,
    0,
    0,
    -1,
    0
  ]
}