{
  "intrinsics" : [
    1592.9171142578125,
    0,
    952.1824951171875,
    0,
    1592.9171142578125,
    716.2109375,
    0,
    0,
    1
  ],
  "cameraPoseARFrame" : [
    0.99947792291641235,
    -0.02136954665184021,
    0.024229468777775764,
    0.37530636787414551,
    0.005369194783270359,
    0.84942537546157837,
    0.52768123149871826,
    0.93793016672134399,
    -0.031857460737228394,
    -0.52727574110031128,
    0.84909677505493164,
    1.3609480857849121,
    0,
    0,
    0,
    0.99999994039535522
  ],
  "frame_index" : 8,
  "time" : 429990.2292520834,
  "projectionMatrix" : [
    1.6592886447906494,
    0,
    0.0076224207878112793,
    0,
    0,
    2.2123849391937256,
    -0.0045680999755859375,
    0,
    0,
    0,
    -0.9999997615814209,
    -0.00099999981466680765,
    0,
    0,
    -1,
    0
  ]
}