{
  "cameraPoseARFrame" : [
    0.96988332271575928,
    -0.11286211013793945,
    0.2158435583114624,
    0.81950151920318604,
    -0.020955571904778481,
    0.8442157506942749,
    0.53559356927871704,
    0.93177205324172974,
    -0.24266675114631653,
    -0.52398645877838135,
    0.81642574071884155,
    1.3361022472381592,
    0,
    0,
    0,
    0.99999994039535522
  ],
  "frame_index" : 12,
  "intrinsics" : [
    1591.1094970703125,
    0,
    951.60345458984375,
    0,
    1591.1094970703125,
    716.20281982421875,
    0,
    0,
    1
  ],
  "projectionMatrix" : [
    1.6574057340621948,
    0,
    0.008225560188293457,
    0,
    0,
    2.2098743915557861,
    -0.0045794248580932617,
    0,
    0,
    0,
    -0.9999997615814209,
    -0.00099999981466680765,
    0,
    0,
    -1,
    0
  ],
  "time" : 429992.23007350008
}