{
  "intrinsics" : [
    1592.9171142578125,
    0,
    952.2174072265625,
    0,
    1592.9171142578125,
    715.93072509765625,
    0,
    0,
    1
  ],
  "projectionMatrix" : [
    1.6592886447906494,
    0,
    0.007586061954498291,
    0,
    0,
    2.2123849391937256,
    -0.0049573183059692383,
    0,
    0,
    0,
    -0.9999997615814209,
    -0.00099999981466680765,
    0,
    0,
    -1,
    0
  ],
  "time" : 429999.89564441674,
  "frame_index" : 27,
  "cameraPoseARFrame" : [
    0.93353813886642456,
    -0.092592872679233551,
    0.3463137149810791,
    1.3930530548095703,
    -0.01580590195953846,
    0.95449507236480713,
    0.2978074848651886,
    1.0870198011398315,
    -0.35812965035438538,
    -0.28348845243453979,
    0.88959401845932007,
    2.1995618343353271,
    0,
    0,
    0,
    0.99999994039535522
  ]
}