{
  "intrinsics" : [
    1593.3690185546875,
    0,
    951.99908447265625,
    0,
    1593.3690185546875,
    716.17755126953125,
    0,
    0,
    1
  ],
  "cameraPoseARFrame" : [
    0.99895703792572021,
    -0.023628946393728256,
    0.039069905877113342,
    0.51456695795059204,
    0.00039736457983963192,
    0.86014741659164429,
    0.51004528999328613,
    0.92062419652938843,
    -0.045657739043235779,
    -0.50949794054031372,
    0.85925972461700439,
    1.2658131122589111,
    0,
    0,
    0,
    0.99999994039535522
  ],
  "frame_index" : 2,
  "time" : 429987.22800020844,
  "projectionMatrix" : [
    1.6597594022750854,
    0,
    0.0078134536743164062,
    0,
    0,
    2.2130124568939209,
    -0.0046144723892211914,
    0,
    0,
    0,
    -0.9999997615814209,
    -0.00099999981466680765,
    0,
    0,
    -1,
    0
  ]
}