{
  "projectionMatrix" : [
    1.6668204069137573,
    0,
    0.0083745121955871582,
    0,
    0,
    2.2224271297454834,
    -0.0045686960220336914,
    0,
    0,
    0,
    -0.9999997615814209,
    -0.00099999981466680765,
    0,
    0,
    -1,
    0
  ],
  "frame_index" : 11,
  "intrinsics" : [
    1600.1475830078125,
    0,
    951.46044921875,
    0,
    1600.1475830078125,
    716.21051025390625,
    0,
    0,
    1
  ],
  "cameraPoseARFrame" : [
    0.93004214763641357,
    -0.13701912760734558,
    0.34095051884651184,
    0.87545299530029297,
    -0.075606249272823334,
    0.83666467666625977,
    0.54247188568115234,
    0.93569684028625488,
    -0.35959029197692871,
    -0.53029978275299072,
    0.76777404546737671,
    1.3248944282531738,
    0,
    0,
    0,
    0.99999988079071045
  ],
  "time" : 429991.7297601251
}