{
  "time" : 429996.73186945845,
  "intrinsics" : [
    1593.3690185546875,
    0,
    952.18682861328125,
    0,
    1593.3690185546875,
    715.862548828125,
    0,
    0,
    1
  ],
  "projectionMatrix" : [
    1.6597594022750854,
    0,
    0.0076178908348083496,
    0,
    0,
    2.2130124568939209,
    -0.0050519704818725586,
    0,
    0,
    0,
    -0.9999997615814209,
    -0.00099999981466680765,
    0,
    0,
    -1,
    0
  ],
  "cameraPoseARFrame" : [
    0.77872771024703979,
    -0.11671476066112518,
    0.61640948057174683,
    1.3687276840209961,
    -0.021712321788072586,
    0.97693943977355957,
    0.21240949630737305,
    1.0791146755218506,
    -0.62698614597320557,
    -0.17879286408424377,
    0.75823569297790527,
    2.3008894920349121,
    0,
    0,
    0,
    0.99999994039535522
  ],
  "frame_index" : 21
}