{
  "cameraPoseARFrame" : [
    0.96139943599700928,
    -0.14470762014389038,
    0.23403170704841614,
    0.76608085632324219,
    -0.0045219059102237225,
    0.84211611747741699,
    0.53927719593048096,
    0.93837928771972656,
    -0.27511939406394958,
    -0.5195191502571106,
    0.8089556097984314,
    1.4720866680145264,
    0,
    0,
    0,
    1
  ],
  "frame_index" : 14,
  "intrinsics" : [
    1591.1094970703125,
    0,
    951.95233154296875,
    0,
    1591.1094970703125,
    716.254150390625,
    0,
    0,
    1
  ],
  "projectionMatrix" : [
    1.6574057340621948,
    0,
    0.0078621506690979004,
    0,
    0,
    2.2098743915557861,
    -0.0045081377029418945,
    0,
    0,
    0,
    -0.9999997615814209,
    -0.00099999981466680765,
    0,
    0,
    -1,
    0
  ],
  "time" : 429993.23037783342
}