{
  "cameraPoseARFrame" : [
    0.94697844982147217,
    -0.16486139595508575,
    0.2757759690284729,
    0.93173539638519287,
    -0.0037852674722671509,
    0.85253727436065674,
    0.52265250682830811,
    0.96342635154724121,
    -0.32127454876899719,
    -0.49598467350006104,
    0.80671048164367676,
    1.6436073780059814,
    0,
    0,
    0,
    0.99999982118606567
  ],
  "frame_index" : 15,
  "time" : 429993.73057454178,
  "intrinsics" : [
    1573.0333251953125,
    0,
    951.89349365234375,
    0,
    1573.0333251953125,
    716.20831298828125,
    0,
    0,
    1
  ],
  "projectionMatrix" : [
    1.6385763883590698,
    0,
    0.007923424243927002,
    0,
    0,
    2.1847684383392334,
    -0.0045717954635620117,
    0,
    0,
    0,
    -0.9999997615814209,
    -0.00099999981466680765,
    0,
    0,
    -1,
    0
  ]
}