{
  "cameraPoseARFrame" : [
    0.99697709083557129,
    -0.049126889556646347,
    0.060192495584487915,
    1.4401854276657104,
    0.037630200386047363,
    0.98311012983322144,
    0.17910368740558624,
    1.0993360280990601,
    -0.067974694073200226,
    -0.17629724740982056,
    0.98198705911636353,
    2.1776692867279053,
    0,
    0,
    0,
    0.99999994039535522
  ],
  "frame_index" : 24,
  "projectionMatrix" : [
    1.6597594022750854,
    0,
    0.0071847438812255859,
    0,
    0,
    2.2130124568939209,
    -0.0050492286682128906,
    0,
    0,
    0,
    -0.9999997615814209,
    -0.00099999981466680765,
    0,
    0,
    -1,
    0
  ],
  "time" : 429998.23240233341,
  "intrinsics" : [
    1593.3690185546875,
    0,
    952.6026611328125,
    0,
    1593.3690185546875,
    715.86456298828125,
    0,
    0,
    1
  ]
}