{
  "cameraPoseARFrame" : [
    0.95908761024475098,
    -0.026545189321041107,
    0.28186199069023132,
    1.4268490076065063,
    -0.0035090066958218813,
    0.99440336227416992,
    0.10559091717004776,
    1.1098792552947998,
    -0.28308746218681335,
    -0.10226001590490341,
    0.95362687110900879,
    2.2366888523101807,
    0,
    0,
    0,
    0.99999988079071045
  ],
  "intrinsics" : [
    1594.2728271484375,
    0,
    952.48583984375,
    0,
    1594.2728271484375,
    715.8275146484375,
    0,
    0,
    1
  ],
  "frame_index" : 23,
  "projectionMatrix" : [
    1.6607009172439575,
    0,
    0.0073063969612121582,
    0,
    0,
    2.2142677307128906,
    -0.0051007270812988281,
    0,
    0,
    0,
    -0.9999997615814209,
    -0.00099999981466680765,
    0,
    0,
    -1,
    0
  ],
  "time" : 429997.7322253334
}